image,numbr_likes
5,138
6,389
8,127
9,154
10,114
12,9
13,9
19,74
26,46
27,82
28,3
29,66
32,6
33,92
34,104
35,102
36,73
38,45
43,56
44,39
45,6
46,3
47,7
48,1983
51,8
54,14
56,84
57,9
58,31
60,83
62,41
63,545
64,340
65,173
66,137
67,98
68,61
69,50
71,72
72,76
73,19
75,222
80,216
81,374
82,20
83,22
85,42
87,173
88,14
91,30
93,17
96,13
99,0
100,16
101,767
102,44
103,38
105,123
107,140
108,946
110,136
115,71
117,41
120,3
121,17
122,82
123,41
127,69
128,23
129,456
130,44
131,29
132,12
134,6
141,118
143,64
145,142
146,94
148,11
149,23
150,14
151,30
152,4
153,5
154,43
155,10
156,112
157,24
161,111
163,9
165,34
167,13
168,17
169,1
173,35
174,36
175,32
176,60
178,45
179,5
180,17
182,31
184,74
185,16
186,18
187,2
189,15
190,10
191,45
193,26
194,28
195,29
196,17
197,9
198,6
199,11
202,38
203,98
204,21
205,40
206,51
207,88
208,94
209,498
210,30
211,903
212,284
216,544
217,139
218,796
219,83
220,12
221,7
222,8
223,11
224,23
225,18
228,293
229,233
230,135
231,10
233,26
235,23
236,38
237,19
238,12
239,188
240,18
241,32
242,62
243,0
244,20
246,164
247,161
248,151
250,59
253,18
254,50
255,15
256,68
257,13
259,16
260,66
261,81
263,7
264,12
265,21
266,116
269,34
270,661
271,371
273,424
276,184
279,652
281,189
282,65
283,0
284,593
285,118
286,240
288,26
289,161
290,44
291,57
292,6
293,19
294,22
295,63
296,61
300,171
301,63
302,52
303,27
308,91
310,409
311,81
312,101
314,287
315,42
316,51
317,52
318,5
323,37
327,39
328,45
329,30
330,118
331,307
332,110
336,289
337,8
340,34
342,260
347,14
348,187
349,100
350,136
351,322
352,93
353,21
354,147
355,147
358,128
359,112
360,88
361,102
362,96
364,34
365,7
366,98
367,85
368,176
370,153
378,76
379,14
383,11
384,49
386,26
387,32
390,62
393,25
394,112
395,75
396,11582
398,190
399,127
400,174
401,676
404,117
405,556
408,41
414,85
416,15
417,22
419,17
421,9
422,22
423,11
424,13
427,17
430,137
431,261
432,295
433,125
434,152
435,21
438,117
442,70
443,80
447,121
448,141
449,8
450,91
459,123
460,87
462,6
463,204
465,111
466,42
467,41
469,29
470,14
471,17
473,14
476,45
477,12
478,80
480,20
481,884
485,43
489,2470
490,26
491,175
492,151
494,145
495,164
496,115
497,552
498,44
499,86
500,6
503,15
504,71
505,9
506,9
507,3
509,58
513,26
514,31
517,40
518,12
519,21
520,15
521,30
522,49
523,233
524,11
525,20848
527,20
528,17
529,38
530,143
531,89
532,11
533,9
534,51
535,64
536,46
537,41
538,656
539,307
540,93
542,15
543,112
544,13
545,5
546,869
548,8
551,40
552,3
553,186
554,10
557,193
558,9
559,146
562,67
564,94
567,124
568,15
569,66
570,33
571,47
572,41
574,222
576,32
577,13
578,96
580,109
581,184
583,210
585,63
586,74
591,7
593,4
603,82
604,129
605,6
607,101
608,119
609,12
610,109
611,120
612,409
613,507
614,13
615,365
616,105
618,133
619,68
620,153
621,87
622,148
623,103
624,113
625,24
627,200
628,78
631,63
632,23
633,134
641,0
642,88
645,36
646,910
648,8923
649,3332
650,2536
651,267
652,182
655,50
657,35
658,188
659,134
662,105
664,198
665,188
667,226
670,33
671,44
672,127
673,292
676,15582
677,46
678,1734
679,67
680,44
685,44
686,52
687,4
688,24
689,18
690,120
691,20
693,4
694,5
695,49
697,9
698,8
699,3
700,11
701,13
702,96
703,87
705,86
707,105
708,71
709,178
710,159
712,50
713,3
715,14
716,32
717,693
720,30
721,180
722,88
723,1
724,70
725,125
726,201
727,65
728,13
729,4
730,16
731,59
732,38
736,199
737,54
738,102
741,51
742,177
743,46
747,36
750,17
754,35
755,11
756,7
758,15
759,19
760,28
761,28
763,369
764,124
772,23
773,32
777,57
779,115
784,51
788,108
789,158
793,89
795,106
796,139
802,16
804,26
807,85
808,27
809,30
810,75
813,28
815,36
816,46
817,16
818,60
819,44
820,219
824,69
825,75
828,7
829,9
831,4
832,71
833,31
836,1
837,4
838,6
841,11
843,4
844,0
845,2
849,8549
850,218
851,68
854,38
856,391
857,384
858,27
860,66
862,55
863,13
866,323
868,181
869,402
870,5
871,14
872,484
873,6
874,20
875,157
876,66
877,49
879,45
880,132
881,455
883,250
886,125
887,5
888,24
889,9
892,9
894,32
895,0
896,0
898,10
903,12
904,12
918,223
920,353
921,134
922,132
923,170
924,49
925,246
926,101
928,740
929,30
930,40
932,3
933,146
934,1
935,238
936,463
937,54
938,33
939,87
940,72
941,79
944,41
945,156
946,1023
947,168
948,155
949,160
953,71
954,64
955,43
970,316
972,186
975,88
981,62
982,59
983,290
987,22
988,5
989,34
991,24
994,54
995,24
996,43
999,38
1000,53
1001,137
1003,21
1004,487
1005,111
1013,47
1014,11
1015,171
1016,102
1017,52
1018,1113
1019,49
1021,87
1022,55
1023,53
1024,85
1025,3965
1027,112
1030,33
1031,57
1032,18
1033,46
1034,17
1036,54
1037,18
1038,11
1039,21
1041,42
1042,22
1043,81
1044,428
1045,7
1046,6
1047,66
1048,74
1049,79
1054,155
1055,183
1057,135
1059,120
1061,144
1062,109
1067,1668
1068,1777
1069,212
1070,724
1071,949
1073,90
1075,43
1077,12
1084,25
1087,60
1088,16
1089,16
1092,8
1093,12
1095,29
1098,28
1099,9
1100,3
1101,26
1102,13
1103,26
1105,303
1106,21
1108,16
1109,35
1110,13
1111,174
1112,29
1114,43
1117,4174
1118,1335
1119,137
1120,146
1121,204
1125,132
1127,16
1129,9
1134,122
1135,54
1137,93
1139,54
1140,17
1142,112
1143,92
1144,5
1146,44
1147,13
1149,62
1150,46
1152,51
1153,51
1156,159
1157,28
1158,153
1160,1748
1163,52
1166,84
1167,40
1168,129571
1169,34042
1171,174
1172,230
1174,20
1176,38
1178,71
1179,65
1180,93
1182,108
1186,13
1187,4
1188,5
1189,25
1190,117
1191,82
1195,102
1196,110
1197,149
1198,51
1200,1
1201,1
1203,19
1204,964
1205,8
1212,8
1213,21
1214,26
1215,11
1216,8
1218,9
1219,1072
1221,341
1226,194
1227,101
1229,204
1230,57
1231,80
1235,23
1237,381
1240,106
1241,76
1242,79
1244,5
1245,40
1247,142
1248,51
1252,1
1257,602
1258,120
1262,131
1263,1
1265,110
1266,122
1267,125
1268,108
1269,145
1272,376
1273,396
1277,104
1279,85
1280,0
1284,2
1285,1
1286,2
1287,2
1288,3
1289,7
1290,28
1291,8
1292,54
1293,19
1294,21
1295,15
1297,77
1298,17
1300,19
1301,9
1302,16347
1304,2736
1305,932
1306,400
1307,3327
1308,1615
1309,43821
1310,68
1311,12
1313,24
1314,36
1315,34
1316,34
1317,28
1318,13
1319,32
1320,41
1321,32
1322,50
1323,38
1324,0
1325,19
1326,15
1327,59
1328,31
1329,21
1330,35
1331,10
1332,20
1333,30
1334,18
1335,113
1336,16
1337,85
1338,20
1339,378
1342,43
1343,144
1345,1040
1348,13
1349,37
1350,13
1351,12
1352,24
1354,230
1355,30
1356,193
1359,22
1360,29
1361,170
1362,132
1363,2904
1364,55
1365,50
1366,33
1367,131
1368,121
1369,73
1371,932
1372,430
1373,418
1374,380
1375,195
1376,261
1377,84
1378,19
1379,27
1380,17
1381,8
1382,55
1383,3
1384,14
1385,27
1386,0
1387,330
1388,2
1389,160
1390,155
1391,19
1392,45
1393,77
1394,11
1395,23
1396,42
1397,3145
1400,5
1401,55
1404,28
1405,279
1406,17
1407,9
1420,150
1424,100
1425,85
1427,112
1430,15
1431,197
1433,7931
1435,437
1436,143
1437,101
1438,3580
1441,147
1444,114
1447,585
1448,150
1449,114
1450,31
1451,0
1452,24
1455,9
1456,81
1459,23
1461,72
1462,51
1463,52
1464,63
1465,20
1466,11
1467,37
1468,21
1469,13
1470,15
1471,44
1475,137
1483,143
1485,25
1486,77
1489,312
1494,138
1497,69
1499,49
1500,38
1501,76
1502,190
1503,31
1504,147
1507,157
1508,131
1509,51
1510,213
1511,184
1512,227
1513,625
1515,130
1518,155
1519,3706
1521,176
1523,151
1524,36
1525,37
1526,141
1527,158
1528,394
1529,113
1530,13
1533,19
1534,25
1535,26
1536,114
1537,49
1538,19
1540,60
1541,37
1542,61
1549,13060
1551,138
1553,131
1554,106
1555,308
1557,43
1559,18
1561,8
1562,41
1563,42
1565,60
1567,42
1571,43
1572,31
1573,124
1574,18
1575,42
1576,61
1578,42
1579,27
1580,8
1584,113
1586,161
1588,2922
1589,775
1590,113
1591,78
1594,15
1595,36
1596,268
1597,24
1599,18
1600,197
1601,18
1608,54
1609,61
1611,49
1616,26
1619,37
1620,194
1621,12
1623,28
1624,3
1625,2
1629,178
1631,903
1632,526
1635,165
1636,116
1637,199
1640,69
1641,37
1642,18
1643,24
1644,59
1645,134
1647,40
1650,65
1655,42
1658,78
1659,25
1660,4125
1661,55
1662,44
1663,51
1667,119
1668,58
1669,79
1670,29
1671,109
1672,114
1673,45
1674,11
1675,88
1676,43
1677,14
1678,123
1682,1655
1683,345
1684,2030
1685,2807
1687,588
1690,226
1691,289
1693,128
1694,145
1695,1
1696,229
1697,17
1698,7
1701,7
1704,6
1705,30
1706,7
1707,15
1710,7
1711,18
1714,33
1716,4
1717,30
1718,25
1719,23
1720,44
1721,8
1722,36
1723,5
1725,62
1726,6735
1727,4067
1729,106
1730,342
1731,25
1733,123
1734,482
1735,131
1737,21
1738,3697
1740,24
1741,219
1742,116
1744,1005
1745,89
1746,6793
1747,16
1748,16
1749,298913
1750,215
1751,285
1752,214
1753,336
1755,5
1757,586
1758,116
1765,744
1767,59
1768,48
1770,205
1771,49
1772,61
1776,35
1777,29
1779,30
1780,46
1781,13
1784,15
1787,51
1788,46
1789,52
1790,3
1791,18
1792,16
1793,2
1794,0
1798,587
1799,504
1801,39
1802,27
1804,65
1807,129
1808,71
1809,25
1810,75
1811,58
1812,139
1813,42
1815,97
1816,120
1817,1025
1822,281
1823,48
1825,138
1826,66
1827,15
1828,24
1830,33
1832,23
1834,15
1835,21
1836,34
1837,10
1838,54
1839,46
1840,35
1841,54
1842,40
1843,76
1844,146
1849,1667
1850,98
1851,63
1852,41
1856,46
1857,96
1860,72
1861,23
1863,1751
1864,2019
1868,32
1869,21
1871,31
1873,3931
1874,154
1875,292
1876,2049
1879,237
1880,47
1881,45
1882,51
1883,35
1885,13
1886,17
1887,8
1888,16
1889,14
1890,9
1891,16
1892,95
1893,10
1894,17
1895,5
1896,49
1897,9
1898,64
1900,16
1901,11
1902,7
1903,23
1904,6
1905,1606
1906,107
1907,2
1909,131
1912,160
1914,3532
1915,16
1916,0
1917,0
1918,3
1919,5
1920,11
1922,2
1923,5
1924,0
1925,19
1926,10
1927,0
1928,4
1937,93
1938,201
1939,205
1940,36
1942,85
1943,7
1944,47
1946,56
1947,24
1949,22
1950,60
1952,256
1956,28
1957,64
1958,133
1959,17
1960,68
1961,72
1962,113
1964,43382
1966,200
1967,144
1971,57
1972,72
1973,195
1974,262
1975,101
1976,151
1977,183
1978,155
1979,23
1980,25
1981,19
1982,65
1983,2
1984,27
1985,227
1986,175
1987,2
1988,106
1990,69
1992,3
1993,3
1994,18
1995,2
1996,2
1997,29
1998,160
1999,351
2003,141
2004,115
2008,449
2010,6
2012,73
2013,71
2017,31
2018,20
2019,30
2020,7
2021,7
2022,8
2027,94
2028,81
2029,64
2030,66
2031,144
2032,172
2036,104
2037,24
2039,57
2041,18
2042,7
2044,54
2045,22
2050,13
2051,17
2052,27
2054,24
2056,5
2058,5
2059,13
2062,29
2065,15
2067,238
2069,91
2070,78
2072,243
2073,216
2074,263
2076,51
2078,9
2079,11
2081,205
2082,243
2085,9
2086,79
2088,20
2089,48
2090,213
2091,255
2093,36
2098,229
2099,159
2100,66
2101,360
2102,104
2103,96
2107,63
2109,39
2110,130
2111,48
2112,24
2113,19
2114,15
2117,63
2118,57
2119,53
2120,30
2121,56
2122,58
2123,26
2124,37
2126,12
2127,10
2136,612
2137,11
2140,149
2141,170
2144,26
2147,34
2148,1
2149,2
2150,1
2152,32
2153,19
2154,24
2155,18
2157,9
2163,1050
2164,934
2167,13
2168,96
2169,164
2175,156
2177,620
2178,10
2179,10
2182,1147
2183,17
2184,5
2186,14
2188,7
2192,27
2193,22
2194,104
2195,767
2199,147
2201,125
2206,11
2207,40
2208,22
2209,18
2210,20
2211,22
2213,19
2214,17
2216,221
2220,18
2223,110
2225,92
2226,87
2229,108
2230,126
2231,665
2235,28
2236,2
2237,1635
2238,326
2239,15172
2240,209
2243,135
2245,33
2247,27
2252,28
2253,96
2255,76
2259,16
2260,100
2261,9144
2267,25
2269,42
2272,50
2274,36
2275,26
2276,67
2278,42
2281,16
2284,8
2286,6001
2287,1392
2288,23240
2289,14871
2291,270
2293,39
2296,47
2300,4
2301,47
2303,42
2305,30
2306,40
2307,31
2308,23
2309,30
2310,29
2311,31
2312,23
2313,199
2314,19
2315,18
2318,94
2320,36
2321,15
2324,52
2328,5837
2329,113
2331,44
2334,63
2336,33
2337,6
2338,43
2347,3
2348,104
2349,124
2352,24
2353,46
2354,12
2355,27
2358,235
2359,13
2362,35
2364,34
2366,20
2367,4
2368,9
2369,151
2370,90
2371,59
2376,50
2377,2
2378,143
2379,93
2380,58
2381,51
2384,83
2385,63
2386,122
2387,50
2388,102
2389,508
2391,139
2392,37
2393,52
2394,116
2395,78
2397,19
2398,172
2399,43
2400,114
2401,40
2402,63
2403,43
2404,82
2405,148
2406,9
2407,65
2408,61
2411,8
2412,5
2413,10
2414,23
2416,6
2418,11
2419,7
2420,6
2421,5
2422,9
2423,4
2433,8
2436,35
2437,97
2439,3
2446,2
2471,98
2472,277
2473,18
2474,309
2475,35
2476,215
2483,145
2484,228
2488,108
2489,8580
2490,24232
2491,123678
2492,45
2493,49
2495,614
2498,160
2499,14
2500,51
2501,91
2507,74
2508,117
2510,115
2511,30
2512,14
2516,33
2517,104
2518,87
2519,58
2521,30
2522,46
2523,30
2524,41
2525,48
2526,36
2527,51
2528,68
2529,35
2533,88
2534,105
2535,37
2536,49
2538,62
2539,39
2540,38
2542,34
2544,8
2545,92
2546,6
2548,58
2549,108
2550,18
2551,38
2554,27
2556,43
2558,231
2561,72
2562,11
2564,7
2565,22
2567,2
2568,18
2569,21
2570,4
2571,36
2572,22
2574,16
2575,8
2576,11
2577,35
2579,425
2580,115
2581,56
2583,5
2584,2
2585,13
2587,15
2588,92
2592,57
2594,59
2595,29
2596,27
2597,40
2604,166
2606,106
2609,9242
2611,217
2612,263
2614,469
2615,2568
2617,13
2618,247
2620,42
2622,49
2624,25
2628,54
2630,14
2631,9
2632,13
2633,7
2634,12
2635,9
2636,7
2637,9
2638,11
2639,8
2640,87
2641,36
2643,554
2644,19
2646,28
2647,63
2649,169
2650,332
2655,30
2658,7
2659,171
2661,29
2663,42
2666,12
2668,29
2669,51
2670,10
2671,18
2676,68
2677,25
2678,24
2684,15
2686,2
2687,34
2688,41
2689,6
2690,30
2691,21
2692,3
2693,74
2695,4
2696,50
2697,106
2699,63
2700,1134
2702,6
2703,12
2704,7
2706,3
2708,114
2710,73
2711,58
2713,18
2714,7
2716,179
2718,789
2720,62
2722,5
2723,15
2724,460
2727,283
2728,38
2729,38
2730,13
2738,1
2739,89
2740,99
2742,238
2744,0
2747,6
2749,1245
2752,15
2753,19
2757,9
2762,14
2764,92
2767,147
2769,148
2770,292
2772,40
2773,0
2774,4
2776,38
2779,39
2780,27
2782,41
2783,430
2784,39
2785,30
2786,28
2787,26
2788,18
2789,16
2791,23
2793,36
2794,39
2796,50
2797,26
2798,15
2799,115
2800,25
2801,23
2802,19
2803,35
2804,20
2805,38
2806,23
2807,21
2808,32
2809,23
2810,23
2811,31
2813,13
2814,37
2816,4
2817,8
2819,39
2821,38
2826,206
2828,124
2829,128
2830,131
2831,116
2832,128
2834,620
2835,16
2840,3
2841,7
2845,32
2847,33
2848,52
2849,21
2852,16
2854,1855
2855,7
2858,131
2861,324
2862,157
2863,221
2864,12
2869,183
2873,993
2874,834
2880,519
2885,2
2894,526
2895,114
2896,19
2898,11
2899,1488
2901,43
2902,17
2903,28
2904,952
2909,3483
2910,39
2915,133
2918,2
2924,464
2925,567
2928,2
2929,42
2931,12
2932,20
2933,28
2936,4
2939,12
2940,17
2941,47
2942,488
2945,257
2948,104
2949,140
2951,41
2952,8
2955,44
2973,33
2974,152
2976,13
2977,21
2978,67
2979,39
2982,260
2984,3
2985,25
2986,90
2987,56
2992,53
2993,6
2995,23
2997,195
2998,17
3000,327
3001,9
3002,171
3004,8
3005,154
3006,151
3007,47
3010,87
3011,21
3015,393
3016,133
3017,102
3021,24
3025,9
3027,52
3031,10
3033,18
3034,15
3036,45
3037,109
3038,126
3039,106
3041,197
3042,107
3044,38
3045,9
3046,10
3048,13
3050,27
3051,30
3052,70
3054,51
3055,38
3056,51
3057,137
3058,29
3060,25
3062,13
3063,64
3067,9
3068,3
3069,6
3070,8
3071,8310
3072,635
3073,201
3075,248
3079,65
3082,31
3085,83
3086,68
3088,2
3089,58
3092,46
3093,374
3094,39
3095,40
3098,120
3099,11
3102,18
3103,34
3104,15
3105,15
3106,24
3108,36
3112,23425
3113,352
3117,213
3120,204
3121,12
3122,15
3123,222
3126,104
3128,64
3129,6
3130,1079
3131,701
3132,267
3133,226
3135,140
3136,168
3137,130
3138,12
3140,5
3141,18
3142,14
3143,100
3144,94
3145,50
3146,82
3147,206
3148,33
3151,29
3152,34
3154,12
3155,11
3158,1199
3159,267
3162,90
3163,17198
3164,12
3165,67
3166,30
3167,3
3168,159
3169,28
3170,27
3173,15
3174,131
3175,6
3177,55
3178,22
3180,372
3182,5
3184,13
3185,869
3187,8
3188,31
3189,81
3191,6
3194,25
3195,81
3196,101
3197,11
3198,38
3200,30
3201,35
3202,20
3203,64
3204,27
3205,111
3206,23
3209,54
3211,34
3212,6
3214,18
3215,167
3216,184
3219,52
3221,28
3224,38
3226,20
3227,69
3228,48
3230,30
3231,1
3232,2
3234,181
3236,52
3238,0
3239,887
3241,2
3242,5
3243,30
3245,7
3246,20
3248,6
3249,7
3250,2
3251,18
3253,8
3254,9
3255,13
3258,68
3260,56
3261,5
3262,60
3263,8
3264,37
3265,1216
3266,98
3267,98
3268,10
3269,37
3270,124
3271,119
3273,27
3274,65
3275,122
3276,452
3277,613
3278,4330
3281,146
3282,233
3283,4487
3285,23
3286,31
3288,2980
3290,11
3291,41
3294,1368
3295,49
3296,6512
3297,17
3298,14
3300,46
3301,22
3303,29
3305,11160
3306,104
3307,46
3308,156
3309,85
3310,117
3311,253
3312,83
3313,76
3314,121
3315,1288
3316,81
3317,24
3318,67
3319,140
3321,17
3322,13
3323,44
3324,42
3325,72
3326,65
3327,29
3332,55
3334,47
3335,67
3336,84
3337,50
3338,20
3340,47
3342,32
3343,136
3345,21
3346,25
3349,39
3351,39
3352,28
3353,33
3356,126
3357,213
3358,17
3359,9
3377,108
3379,146
3380,141
3382,224
3383,112
3387,9
3388,10
3389,7
3390,14
3394,87
3396,37
3397,20
3399,69
3402,32
3403,27
3404,37
3405,25
3407,82
3408,6
3409,36
3410,31
3411,6
3417,33
3418,36
3420,114
3421,8
3422,4
3423,6
3425,12
3427,15
3428,21
3430,159
3431,11
3432,25
3434,41
3435,24
3437,18
3438,15
3440,2
3441,8
3443,116
3444,96
3445,72
3446,73
3447,74
3450,20
3452,23
3453,33
3454,254
3455,233
3457,238
3458,58
3461,1049
3462,46
3465,68
3468,362
3470,51
3472,1
3473,57
3474,277
3478,131
3479,55
3480,125
3481,21
3483,79
3484,3
3485,57
3486,83
3490,121
3493,103
3494,29
3495,71
3496,18
3497,8
3499,137
3501,16
3502,32
3503,39
3506,31
3507,55
3509,61
3510,58
3513,41
3514,8
3515,6
3516,45
3517,1
3519,11
3520,31
3521,17
3522,23
3523,8
3524,37
3526,14
3527,38
3528,13
3529,26
3530,31
3531,18
3532,30
3533,10
3534,28
3535,13
3536,7
3537,15
3538,41
3539,56
3540,25
3549,2393
3550,1045
3552,76
3553,10
3554,129
3555,21
3556,84
3557,10
3558,94
3559,473
3560,833
3561,225
3562,92
3563,31
3565,26
3568,43
3569,295
3572,5
3573,307
3574,1841
3577,266
3582,427
3584,85
3585,169
3586,33
3587,55
3588,154
3589,55
3590,121
3592,121
3598,144
3600,2
3602,160
3605,9
3608,22
3609,16
3610,13
3612,32
3613,901
3614,329
3617,653
3618,7180
3620,83
3623,28
3626,97
3630,62
3631,96
3632,104
3633,16
3634,13
3635,278
3636,212
3638,95
3640,551
3641,639
3644,317
3645,12
3648,11
3651,86
3662,369
3667,18
3668,201
3673,8
3674,13
3681,34
3685,50
3690,18
3694,61
3698,112
3699,263
3701,118
3705,0
3708,52
3709,22
3710,2861
3711,20
3712,22
3714,11
3716,65
3717,48
3718,26
3722,32
3724,143
3728,186
3729,135
3731,122
3732,275
3735,16
3736,55
3737,7
3738,2
3739,27
3740,5
3743,112
3745,11
3746,4
3747,1
3749,5
3750,3
3751,193
3752,26
3761,917
3762,218
3764,168
3765,155
3766,15
3767,9
3768,87
3769,5
3770,38
3771,9
3772,14
3773,101
3774,101
3778,47
3779,15
3781,79
3783,285
3786,13
3792,4
3795,627
3797,103
3802,333
3803,18
3806,6
3808,16
3809,12
3810,12
3812,66
3813,37
3814,15
3815,18
3816,31
3817,13
3818,23
3819,15
3820,15
3824,5
3826,201
3827,51
3828,29
3829,27
3830,53
3832,52
3833,9
3835,9
3836,27
3837,1
3838,3
3839,388
3840,312
3841,208
3846,109
3848,73
3849,43
3851,51
3853,9
3854,29857
3858,20
3861,52
3862,2600
3864,29
3865,38027
3866,18
3868,76
3869,33597
3870,31
3876,197
3877,247
3878,199
3879,213
3881,7
3882,287
3887,46
3888,78
3889,9
3891,10
3892,315
3895,49
3897,290
3898,155
3899,49
3901,60
3902,20
3903,38
3905,4
3912,110
3915,40
3918,78
3919,2
3920,33
3922,292
3926,60
3927,6
3928,2
3930,541
3931,68
3933,5
3936,271
3940,142
3942,12
3945,10
3948,575
3949,405
3950,64
3952,83
3953,74
3954,35
3958,135
3960,20
3961,242
3962,32
3964,69
3966,15
3968,5
3969,96
3970,399
3974,41
3976,186
3977,165
3979,2
3981,16
3985,103
3986,7
3987,30
3990,4
3993,219
3994,13
3995,123
3996,11
3997,3746
3998,339
3999,10
4002,116
4004,3073
4006,615
4007,1
4010,7
4011,9
4012,12
4013,0
4014,3
4015,28
4017,6
4019,11
4020,4
4022,6506
4023,0
4025,20
4027,4
4028,15
4029,18
4030,24
4031,24
4033,54
4034,54
4036,40
4037,62
4042,143
4053,112
4060,344
4061,25
4062,77
4063,63
4064,14
4065,14
4066,10
4067,54
4068,60
4069,68
4070,72
4071,82
4073,69
4077,40
4081,79
4083,26
4084,122
4085,137
4086,119
4087,1546
4088,150
4089,117
4090,138
4093,114
4095,132
4096,29
4097,28
4099,76
4101,180
4103,46
4104,97
4107,10
4108,3
4109,128
4114,59
4115,43
4116,55
4117,45
4118,16
4119,85
4120,82
4121,95
4122,142
4123,10
4125,20
4127,17
4128,13
4132,21
4133,62
4135,22
4137,104
4138,26
4139,131
4140,328
4141,3
4142,36
4143,305
4145,89
4146,75
4151,175
4152,454
4154,136
4155,167
4156,11
4157,105
4160,17
4163,35
4166,212
4168,383
4169,60
4173,21
4177,31
4178,13
4179,41
4181,423
4183,369
4185,167
4187,188
4188,221
4189,38
4190,11
4203,142
4205,1596
4207,210
4208,94
4209,142
4213,38
4214,343
4215,28
4216,17
4219,57
4220,18
4221,9
4222,16
4223,63
4224,12
4225,105
4226,28
4227,15504
4228,50442
4229,5089
4230,260
4231,1818
4232,1222
4233,173
4234,9
4235,18
4238,917
4240,98
4241,21
4242,21
4244,27
4247,1
4248,2044
4253,25
4257,35
4259,2102
4261,2683
4262,1654
4265,234
4267,389
4268,3
4269,6
4271,17
4272,426
4273,21
4274,10
4275,15
4276,7
4278,38
4279,21
4281,31
4282,16
4283,19
4284,25
4285,229
4286,20
4287,14
4289,14
4290,12
4291,4879
4294,244
4296,259
4297,286
4300,179
4301,451
4302,36
4305,83
4307,53
4308,16
4310,6
4311,34
4312,273
4313,39
4315,43
4316,31
4317,10
4318,6
4319,26
4320,95
4321,48
4323,37
4325,180
4326,193
4327,397
4330,79
4331,17
4333,22
4334,357
4336,48
4337,473
4339,8
4340,120
4342,611
4344,229
4345,127
4348,33
4349,17
4351,25
4352,33
4353,82
4354,3
4355,141
4356,110
4357,139
4358,24
4359,28
4360,21
4363,10
4364,152
4365,124
4367,102
4368,22
4369,36
4370,76
4371,20
4372,29
4373,26
4374,158
4376,89
4377,14
4378,45
4379,25
4380,104
4381,18
4382,17
4383,14
4386,295
4387,483
4388,93
4390,82
4391,0
4392,0
4393,15
4394,6
4395,6
4396,26
4398,11
4401,10
4402,20
4404,19
4405,15
4406,9
4407,24
4408,18
4410,33
4412,21
4414,14
4415,131
4418,129
4419,104
4423,35
4424,106
4425,15
4426,36
4427,25
4428,126
4430,124
4432,178
4435,12
4437,52
4438,415
4441,38
4443,67
4444,7259
4445,3548
4446,212
4447,92
4449,51
4450,55
4452,75
4453,90
4454,55
4456,368
4457,64
4459,48
4460,49
4461,346
4462,131
4463,260
4464,345
4467,37
4468,102
4469,56
4470,265
4473,123
4474,13
4475,241
4477,13
4478,76
4479,72
4480,8554
4481,125
4483,199
4484,354
4485,301
4488,36
4489,44
4490,43
4491,17
4494,4
4495,36
4497,6
4498,52
4499,55
4500,2
4503,7
4504,3
4505,7
4507,17
4508,11
4511,367
4513,60736
4514,344
4516,161
4517,55
4518,48
4519,144
4522,28
4523,31
4524,135
4527,23
4528,44
4529,24
4530,81
4532,27
4533,110
4538,326
4539,45
4540,64
4550,208
4551,5
4552,127
4554,24
4556,22
4557,82
4558,194
4562,181
4563,55
4564,187
4565,651
4566,269
4570,114
4573,303
4574,162
4576,109
4577,87
4579,66
4581,4
4586,9
4590,3575
4591,255
4592,359
4593,366
4599,49
4602,16
4607,8
4608,74
4609,5
4611,28
4613,4
4615,15
4616,39
4617,45
4620,98
4621,33
4622,561
4623,1562
4627,229
4628,152
4629,833
4630,754
4631,845
4633,10
4634,16
4635,17
4636,5
4637,16
4638,36
4639,294
4640,79
4641,5
4643,2
4644,166
4645,9
4646,658
4647,26
4649,7
4650,19
4652,28
4654,212
4655,73
4658,40
4662,36
4663,48
4664,49
4665,212
4666,168
4670,3
4673,86
4674,113
4676,100
4678,13
4680,844
4681,5845
4682,1986
4683,123
4684,196
4685,441
4688,114
4689,7
4691,41
4693,4
4694,5
4696,125
4697,88
4698,74
4699,55
4700,17
4701,40
4702,15
4703,89
4704,18
4705,18
4709,16
4710,27
4715,113
4716,192
4718,268
4721,34
4722,18
4723,18
4724,48
4725,55
4726,88
4727,23
4733,3
4734,23
4735,16
4736,21
4737,16
4738,35
4739,8
4740,18
4741,86
4742,9
4743,24
4744,9
4745,222
4746,242
4747,272
4748,154
4749,103
4750,402
4751,460
4752,341
4753,284
4754,140
4755,122
4756,101
4759,16
4763,16
4764,18
4765,14
4769,15
4773,114
4775,60
4776,88
4777,70
4778,60
4779,70
4780,134
4781,52
4782,59
4783,89
4784,63
4785,88
4786,44
4787,129
4788,86
4789,59
4790,14
4791,80
4793,83
4794,39
4795,60
4796,123
4797,218
4798,112
4799,125
4803,382
4804,10
4805,11
4806,47
4807,147
4808,100
4809,11
4810,10
4811,18
4812,27
4814,401
4815,23
4816,80
4817,506
4818,110
4820,73
4823,41
4824,90
4825,161
4828,64
4833,14
4837,14
4839,75
4841,100
4842,160
4843,14
4844,41
4845,21
4847,169
4849,31
4850,17
4851,165
4852,20
4853,12
4854,12
4855,5
4862,10
4864,14
4865,25
4866,19
4867,47
4868,23
4869,34
4871,86
4872,120
4875,130
4882,67
4883,3463
4884,505
4891,9
4892,94
4893,21
4894,26
4895,54
4896,38
4897,49
4898,28
4899,108
4900,69
4901,28
4902,71
4903,132
4904,61
4905,41
4906,36
4909,41
4911,91
4913,1
4915,63
4916,78
4917,56
4920,49
4922,6
4924,47
4928,123
4929,141
4930,136
4931,393
4933,637
4937,147
4938,217
4940,18
4942,23
4944,2
4945,12
4946,42
4947,33
4951,15
4956,217
4957,111
4960,114
4961,131
4964,102
4965,7
4966,128
4968,16
4970,51
4971,24798
4973,20
4974,13
4976,14
4977,12
4978,13
4979,126
4980,18
4981,182
4982,151
4983,129
4984,185
4985,97
4986,28
4989,127
4990,10
4993,32
4994,140
4995,116
4996,135
4998,25
4999,32
5003,211
5008,67
5016,198
5042,126
5044,46
5045,302
5046,133
5050,107
5051,212
5052,325
5053,100
5054,66
5055,40
5057,959
5058,49
5059,50
5061,139
5062,37
5063,68
5067,155
5069,24
5070,56
5071,29
5073,21
5074,24
5075,32
5076,40
5077,10
5078,46
5079,28
5080,37
5081,116
5082,52
5083,47
5085,10
5086,56
5087,360
5088,87
5089,210
5090,22
5091,121
5092,174
5093,1950
5096,108
5099,36
5101,47
5102,26
5103,7
5106,229
5108,24
5109,43
5110,75
5112,16
5113,34
5114,67
5115,630
5116,14
5117,50
5118,2
5119,74
5120,52
5121,74
5122,72
5123,35
5132,247
5134,198
5135,88
5137,58
5138,39
5140,3
5141,8
5142,7
5143,62
5146,14
5148,6
5150,39
5151,2
5152,30
5153,7176
5154,366
5157,106113
5158,4250
5161,25
5162,22
5168,101
5174,1087
5176,43
5178,17
5181,14
5183,54
5184,109
5186,5
5187,361
5188,31
5190,1343
5192,55
5194,154
5195,125
5196,18
5197,16
5198,1444
5199,1751
5200,294
5202,11
5203,379
5204,41
5206,17
5207,40
5208,21
5209,14
5211,9
5212,417
5213,25
5215,62
5218,2
5219,6
5221,403
5222,344
5223,83
5224,108
5225,33
5227,117
5228,67
5231,15
5232,15
5234,27
5235,1
5237,259
5238,26
5239,9
5240,19
5241,257
5242,14
5243,14
5244,140
5245,14
5246,27
5247,12
5248,84
5250,20
5251,27
5252,80
5253,5
5254,138
5255,139
5258,124
5260,40
5263,89
5265,9
5266,34
5268,3
5269,5
5270,20
5271,9
5272,33
5274,157
5278,12
5280,5
5281,20
5282,20
5283,17
5284,37
5287,19
5292,286
5293,284
5294,366
5297,104
5304,51
5305,20
5306,51
5309,245
5310,302
5311,106
5312,412
5314,40
5316,61
5321,340
5324,66
5332,230
5333,110
5336,113
5337,10
5338,20
5339,271
5341,145
5342,5
5343,44
5344,147
5345,58
5347,121
5348,118
5350,104
5351,117
5352,8
5353,4
5354,21
5355,10
5356,7
5357,24
5358,87
5359,15
5361,60
5364,13
5365,121
5366,109
5367,101
5368,120
5369,161
5372,47
5373,358
5375,65
5376,60
5378,14
5380,132
5382,6
5384,2009
5385,614
5388,784
5389,209
5390,26
5391,184
5393,748
5394,47
5395,97
5397,47
5399,32
5400,3
5401,41
5402,0
5403,107
5405,15
5406,1
5407,51
5408,393
5410,33
5411,43
5412,282
5413,533
5414,76
5415,46
5416,29
5417,33
5418,61
5419,42
5420,728
5421,27
5422,22
5423,85
5424,21
5433,29
5434,210
5435,145
5436,443
5441,21
5443,86
5446,398
5448,10
5449,6
5450,2
5451,40
5452,5
5454,28
5455,31
5456,16
5457,71
5469,105
5470,102
5472,82
5475,108
5476,67342
5477,147
5484,37
5489,1128
5490,70
5492,81
5493,84
5496,126
5497,142
5500,41
5503,2576
5506,54
5509,61
5516,1567
5517,1459
5518,795
5520,335
5521,646
5522,349
5523,401
5524,212
5525,14
5526,52
5527,288
5528,3
5529,131
5531,204
5532,92
5533,75
5534,63
5535,19
5536,44
5537,19
5538,13
5539,50
5540,12
5541,53
5542,16
5543,723
5544,51
5545,12
5546,24
5547,17
5548,83
5549,10
5550,15
5551,50
5552,8
5553,12
5554,16
5555,59
5556,34
5557,23
5558,18
5560,9
5564,43
5566,101
5568,46
5570,21689
5571,11188
5572,393
5573,31
5574,237
5575,58
5576,102
5577,412
5578,266
5579,80
5580,73
5581,88
5582,687
5583,674
5584,322
5585,426
5586,481
5587,124
5588,102
5589,169
5590,40
5591,263
5592,319
5593,356
5600,28
5601,46
5603,17
5606,268
5607,25
5608,31
5609,24
5610,29
5611,39
5612,126
5613,18
5615,24
5616,31
5617,490
5620,10
5621,33
5622,53
5623,99
5624,14
5625,24
5627,81
5628,37
5633,136
5636,94
5637,92
5645,53
5646,15
5647,2
5648,94
5649,12
5650,44
5654,43
5655,4
5656,5
5657,5
5658,72
5660,256
5661,174
5665,102
5667,3
5669,14
5670,20
5671,1
5672,9
5674,11
5675,2
5677,2
5678,6
5679,38
5680,0
5681,138
5683,5
5684,28
5685,9
5686,5
5687,16
5688,11
5689,5
5690,61
5691,29
5693,41
5694,21
5696,24
5697,96
5698,4
5699,4
5700,229
5701,101
5702,144
5704,131
5705,67
5706,49
5707,51
5709,0
5711,14
5712,4
5713,5
5714,0
5715,1
5716,23
5717,49
5718,128
5719,182
5720,169
5722,349
5723,116
5725,472
5727,117
5729,25
5730,23
5731,6
5732,21
5733,23
5734,16
5735,14
5736,28
5738,14
5740,14
5741,41
5742,28
5743,92
5744,32
5745,19
5747,18
5749,201
5750,5
5753,50
5754,38
5755,127
5756,13
5758,49
5759,868
5760,193
5762,447
5764,93
5766,57
5769,7
5771,8
5772,21
5774,87
5775,12
5777,74
5778,75
5781,31
5782,33
5783,14
5784,18
5785,14
5791,1
5792,24
5793,9
5794,10
5795,12
5797,29
5801,6
5803,26
5806,13
5807,2
5808,2
5809,2
5810,4
5811,3
5812,2
5813,1
5814,2
5817,21
5819,85
5821,3
5825,10
5826,230
5827,334
5828,207
5830,138
5831,29
5832,173
5833,149
5835,39
5837,20
5838,14
5844,28
5847,21
5849,27
5850,17
5851,18
5852,22
5859,123
5863,128
5864,24
5869,90
5870,14
5871,43
5873,124
5874,11
5875,20
5877,4
5879,17
5880,74
5881,37
5882,14
5885,43
5886,6
5888,47
5891,65
5893,10
5895,50
5896,56
5897,45
5899,137
5902,1057
5904,91
5906,9
5907,9
5909,4
5910,4
5913,20
5915,4
5916,12
5918,10
5919,1
5920,22
5922,19
5923,17
5924,3
5926,33
5927,7
5928,6
5929,16
5930,16
5931,51
5932,114
5933,2
5934,74
5939,35
5940,59
5941,1906
5942,14
5944,125
5948,0
5952,8
5957,21
5965,183
5967,3357
5972,423
5973,36
5977,74
5978,22
5979,5827
5980,3333
5981,398
5983,201
5984,79
5985,20
5987,11
5990,50
5991,13
5993,261
5995,100
5998,17
5999,10
6000,19
6001,29
6002,28
6003,53
6004,43
6010,11
6011,46
6014,69
6015,155
6016,118
6017,104
6019,130
6022,215
6023,284
6030,20
6031,71
6034,13
6036,19
6037,1
6041,520
6042,18
6044,20
6045,2
6046,14
6047,5
6048,42
6049,11
6051,79
6052,115
6054,32
6055,8
6056,152
6058,19
6059,10
6060,19
6061,34
6063,20
6064,395
6065,15
6066,50
6067,25
6068,4
6070,26
6071,59
6072,34
6074,27
6075,5
6076,146
6077,228
6079,73
6082,109
6087,15
6092,215
6093,50
6095,14
6096,15
6097,21
6098,73
6101,30
6103,25
6106,4
6108,29
6111,8
6112,2
6113,37
6119,29
6122,57
6123,15
6128,149
6130,131
6138,299
6142,269
6148,93
6150,52
6151,12
6156,56
6157,210
6158,69
6159,48
6162,48
6163,53
6164,1
6165,4
6169,69
6174,6
6180,73
6181,70
6185,174
6187,13
6188,7
6189,20
6192,27
6193,17
6195,46
6196,7
6198,205
6199,36
6200,72
6202,1261
6205,76
6207,310
6211,22
6212,51
6213,63
6214,60
6218,128
6220,8
6221,5
6222,5
6224,208
6226,117
6227,194
6231,139
6233,445
6236,22
6240,78
6241,3
6242,1
6243,0
6245,109
6246,111
6248,284
6249,276
6251,842
6252,146
6254,166
6256,139
6257,22
6258,129
6260,33
6262,110
6266,99
6267,46
6269,74
6270,37
6272,18
6274,53
6276,91
6278,488
6279,109
6285,16
6286,7
6288,29
6293,89
6294,17
6295,32
6297,10
6298,5
6302,5
6303,46
6306,4
6307,8
6309,21
6310,6
6311,3
6312,3
6313,2
6314,2
6315,2
6316,3
6317,10
6318,47
6319,333
6320,50
6324,17
6328,883
6330,406
6331,269
6333,198
6334,7
6339,233
6340,126
6341,105
6342,104
6343,98
6345,197
6346,139
6347,9
6349,12
6351,51
6352,8
6353,37
6355,115
6356,142
6357,143
6358,32
6359,25
6360,171
6361,32
6362,244
6363,196
6364,96
6365,131
6367,182
6368,121
6370,189
6371,210
6372,78
6373,141
6375,104
6376,260
6377,129
6378,1295
6379,107
6382,3
6383,16
6384,38
6386,25
6387,20
6389,16
6391,12
6392,11
6395,12
6396,15
6397,37
6398,71
6399,7
6400,33
6401,26
6402,26
6403,11
6405,9
6407,53
6408,8
6410,75
6412,35
6413,31
6414,109
6415,15
6416,76
6417,43
6419,2
6420,29
6421,86
6422,15
6423,5
6430,185
6431,135
6432,13
6433,817
6434,5
6435,13
6437,7
6438,1
6439,13
6440,7
6441,4
6442,10
6443,7
6444,12
6446,82
6447,58
6449,8
6450,19
6451,1
6452,6
6453,21
6454,28
6455,2
6456,4
6458,0
6459,0
6461,40
6462,8
6463,6
6465,5
6466,4
6467,4
6469,4
6470,38
6471,33
6472,61
6473,5
6476,10
6477,4
6478,55
6479,50
6480,46
6481,29
6482,35
6483,38
6484,28
6485,28
6486,32
6487,53
6488,22
6489,18
6490,31
6491,28
6492,33
6493,27
6494,30
6495,18
6496,23
6497,12
6499,379
6501,1779
6502,256
6503,618
6505,178
6507,10
6510,139
6515,42
6516,7
6518,17
6519,28
6522,87
6523,22
6524,8
6526,11
6527,32
6528,11
6530,88
6535,61
6541,251
6543,117
6544,121
6545,654
6550,123
6551,4
6554,120
6557,170
6558,154
6559,456
6560,301
6563,266
6564,328
6565,258
6566,236
6567,150
6568,114
6570,77
6571,37
6572,26
6573,20
6574,17
6576,27
6577,22
6578,18
6579,40
6580,23
6581,11
6582,12
6583,59
6585,42
6587,147
6588,44
6590,18
6591,84
6592,52
6593,21
6594,102
6598,106
6600,134
6601,121
6603,339
6604,227
6606,19
6607,27
6610,2
6611,30
6612,54
6613,14
6615,61
6619,12
6620,30
6621,48
6622,5
6623,3
6624,237
6625,11
6626,20
6627,7
6628,4052
6629,1393
6630,1538
6631,195
6635,68
6636,25
6638,595
6639,66
6640,82
6642,1
6643,100
6644,18
6645,61
6646,26
6647,16
6648,29
6649,25
6650,24
6651,17
6652,32
6653,28
6654,24
6655,24
6656,25
6658,196
6660,104
6662,123
6664,408
6665,604
6666,32
6667,203
6671,31
6673,6
6674,1275
6675,417
6676,121
6677,19
6678,22
6679,5
6680,23
6681,228
6682,17
6683,25
6684,99
6685,124
6688,35
6690,22
6693,52
6694,32
6696,30
6697,10
6698,11
6699,23
6702,96
6703,25
6704,22
6705,43
6706,102
6707,1439
6711,147
6712,33
6714,31
6715,5
6716,8
6717,4
6718,7
6719,4
6720,1
6721,24
6722,135
6725,47065
6728,158
6730,140
6733,19
6734,36
6735,11
6739,13
6743,34
6744,90
6745,13
6746,5
6747,28
6748,0
6749,58
6752,2484
6753,13
6754,530
6755,1439
6756,283
6757,95
6759,120
6761,0
6763,117
6764,32
6766,53
6768,62
6770,70
6773,10
6774,22
6775,26
6776,14
6777,27
6778,20
6779,16
6780,24
6781,30
6782,16
6783,31
6784,41
6785,42
6786,45
6787,28
6788,10
6789,26
6790,18
6791,8
6792,36
6793,49
6794,294
6795,18
6797,16
6798,33
6799,23
6800,223
6801,11
6802,46
6803,53
6808,356
6815,37
6816,1753
6817,28
6818,88
6820,34
6821,120
6822,353
6825,54
6826,52
6827,884
6828,83
6829,123
6830,154
6831,98
6834,57
6835,54
6836,15
6837,14
6838,19
6839,20
6840,18
6841,16
6842,14
6843,15
6844,17
6845,20
6846,18
6847,18
6848,11
6849,17
6850,22
6851,21
6852,27
6853,22
6854,16
6857,999
6858,30
6859,102
6860,73
6861,23
6862,17
6863,31
6868,46
6870,25
6871,32
6872,58
6873,21
6874,21
6875,66
6877,113
6878,166
6879,127
6881,116
6882,114
6883,68
6886,25
6887,11
6888,39
6889,109
6890,83
6891,104
6892,73
6893,13
6894,39
6895,93
6896,0
6897,41
6898,72
6899,67
6900,84
6901,100
6903,118
6904,55
6905,40
6907,1044
6908,161
6909,153
6910,108
6913,223
6914,143
6915,18
6916,36
6918,12
6919,25
6920,45
6921,32
6928,134
6929,151
6930,59
6932,105
6933,879
6935,309
6938,311
6939,128
6940,108
6941,53
6942,56
6944,9
6946,64
6947,93
6949,103
6950,107
6951,119
6952,80
6953,127
6954,108
6955,174
6956,64
6957,55
6958,69
6959,86
6960,69
6962,58
6964,131
6965,3
6966,66
6967,97
6968,6
6972,194
6973,187
6974,189
6977,27
6978,14
6980,4
6981,41
6982,0
6983,11
6984,36
6986,61
6988,45
6990,9
6991,4
6992,9
6994,29
6998,15
6999,22
7002,45
7003,363
7008,13
7009,1106
7013,60
7015,24
7016,39
7017,20
7019,112
7020,47
7021,208
7023,15
7026,17
7029,108
7030,107
7031,117
7032,9
7036,112
7037,98
7040,45
7041,20
7042,25
7047,124
7048,60
7052,16
7055,14
7058,22
7059,14
7060,304
7061,18
7062,40
7065,39
7067,59
7069,432
7070,130
7072,39
7073,44
7074,25
7076,25
7080,22
7083,33
7084,67
7092,23
7095,369
7100,267
7102,241
7103,257
7107,17
7108,14
7110,76
7111,62
7112,235
7113,72
7114,68
7115,6
7116,8
7117,15
7118,27
7120,79
7121,42
7122,125
7123,77
7125,24
7126,265
7130,194
7131,167
7132,231
7133,128
7134,191
7135,30
7136,99
7137,16
7138,298
7140,213
7142,211
7143,176
7144,159
7145,152
7146,24
7147,190
7148,167
7153,88
7154,19
7157,14
7158,39
7159,74
7160,44
7161,455
7162,29
7163,58
7164,47
7165,42
7166,40
7167,19
7168,14
7169,85
7171,47
7172,15
7173,13
7174,15
7177,20
7178,15
7179,17
7180,13
7181,9
7183,28
7184,44
7185,134
7186,30
7187,34
7188,72
7189,11
7192,51
7193,42
7195,41
7204,64
7205,109
7206,51
7210,44
7213,54
7214,2
7217,124
7218,45
7219,41
7220,69
7221,282
7222,47271
7229,69
7231,34
7237,24
7238,18
7240,75
7243,157
7244,100
7245,410
7248,30
7249,2324
7250,45
7252,128
7254,10
7256,20
7257,93
7258,47
7263,8163
7264,449
7267,194
7268,295
7269,195
7270,311
7271,321
7273,1725
7276,121
7279,62
7280,404
7282,78
7286,67
7288,38
7289,367
7290,115
7292,23
7293,5
7294,46
7295,34
7297,27
7299,80
7300,89
7301,11
7302,30
7303,1062
7304,63
7307,24
7308,34
7309,13
7312,57
7313,58
7316,121
7321,259
7322,157
7324,175
7325,996
7329,28
7331,28
7335,21
7336,14
7337,475
7338,39
7339,20
7340,82
7341,34
7343,17
7344,7
7345,63
7346,10
7347,2
7348,27
7349,15
7350,38
7351,1674
7352,203
7353,144
7354,110
7355,200
7358,125
7360,22
7363,20
7368,9
7370,24
7371,15
7373,23
7374,15
7376,37
7377,71
7378,114
7379,116
7380,116
7381,27
7382,30
7383,303
7387,19
7390,107
7404,293
7406,218
7408,11
7409,88
7410,563
7411,160
7413,46
7415,111
7416,71
7417,28
7421,732
7425,38
7428,27
7429,25
7430,26
7431,133
7432,18
7433,15
7436,75
7438,11
7439,6
7440,39
7442,21
7443,2
7448,61
7449,72
7450,26
7451,30
7452,35
7453,23
7456,19
7457,25
7458,24
7459,42
7460,17
7461,6
7462,58
7463,7
7471,2
7472,16
7475,9
7476,6
7477,4
7478,119
7479,710
7482,134
7483,30
7485,205
7488,851
7491,1287
7492,5
7495,46
7496,177
7498,7
7501,7
7502,194
7504,216
7506,1598
7510,335
7515,233
7517,96
7518,49
7519,11
7520,115
7523,133
7525,42
7528,26
7531,35
7532,23
7533,14
7534,227
7535,217
7536,206
7537,631
7539,105
7540,14
7542,179
7544,19
7547,4
7550,89
7551,0
7552,2
7553,0
7554,5
7555,15
7556,23
7557,56
7558,12
7560,11
7561,24
7562,24
7563,11
7564,105
7565,8
7566,15
7567,7
7568,11
7572,12
7573,34
7575,2
7576,39
7579,12
7580,28
7583,40
7584,57
7586,3
7588,36
7590,53
7592,29
7594,9
7596,345
7597,10
7598,32
7599,354
7601,116
7602,223
7603,109
7604,228
7608,231
7609,200
7610,214
7612,37
7613,25
7614,29
7616,10
7617,16
7618,16
7619,12
7620,23
7621,12
7622,52
7624,18
7625,77
7626,35
7627,55
7628,52
7630,9
7631,47
7632,23
7634,23
7635,25
7636,102
7638,27
7639,51
7640,175
7641,45
7643,60
7645,222
7647,130
7649,20
7654,78
7655,55
7657,18
7658,22
7659,25
7660,304
7661,9
7664,85
7665,179
7666,94
7670,146
7671,10
7673,38
7674,921
7675,51
7677,53
7678,55
7679,27
7680,8
7681,57
7683,27
7684,35
7685,9
7686,7
7687,67
7688,34
7689,25
7690,21
7693,23
7694,618
7696,137
7698,524
7699,106
7701,305
7704,49
7706,37
7707,66
7708,311
7709,267
7713,285
7716,2199
7717,197
7719,3342
7720,321
7721,194
7722,217
7723,268
7726,137
7727,27
7729,120
7730,26
7733,15
7737,62
7738,49
7739,16
7742,5
7744,68
7745,150
7750,93
7752,13
7754,124
7755,90
7756,231
7757,229
7759,91
7760,137
7762,92
7763,62
7764,38
7765,82
7766,538
7767,1393
7769,201
7771,2
7774,4
7776,27
7777,21
7779,22
7782,19
7783,321
7784,12
7785,106
7787,761
7788,48
7789,417
7791,123
7793,18
7794,135
7795,442
7796,18
7797,43
7800,43
7801,30
7802,2008
7803,6221
7804,3275
7806,17823
7808,236
7809,58
7810,1214
7813,49
7814,21
7816,27
7817,56
7821,266
7822,149
7825,73
7826,27
7828,62
7830,42
7831,71
7833,232
7835,379
7836,26
7839,353
7841,25
7842,92
7844,131
7848,13
7849,101
7850,69
7851,811
7852,975
7853,90
7854,37
7855,51
7856,22
7857,34
7858,143
7861,110
7863,42
7864,41
7865,71
7866,27
7869,76
7870,374
7871,26
7872,169
7874,122
7875,55
7876,69
7877,103
7880,21
7881,14
7882,9
7883,18
7884,29
7886,21
7888,112
7889,23
7890,11
7892,38
7893,167
7895,44
7896,7
7897,7
7900,9
7901,18
7902,4
7903,40
7904,3
7908,20
7909,3
7910,3
7911,42
7912,12395
7913,611
7915,1301
7916,57
7917,249
7918,8
7921,66
7923,38
7926,257
7927,22
7928,52
7929,908
7930,197
7931,125
7933,144
7934,173
7935,195
7939,6
7940,39
7941,22
7942,129
7943,1
7944,1
7945,8
7947,17
7948,8
7950,76
7951,6
7953,29
7959,1516
7960,137
7962,106
7965,101
7967,216
7968,153
7972,58
7973,111
7974,28
7975,23
7976,77
7977,42
7979,79
7980,31
7981,48
7983,57
7984,69
7986,254
7987,60
7988,39
7989,7
7990,77
7991,44
7992,61
7993,43
7994,16
7995,9
7996,25
7998,40
8001,19
8002,11
8003,98
8004,48
8005,16
8006,8
8007,12
8008,12
8014,135
8016,119
8018,26
8019,47
8020,24
8021,13
8022,37
8023,29
8024,19
8025,50
8026,20
8028,98
8031,12
8032,894
8033,40
8034,41
8038,455
8040,20
8041,19
8042,15
8048,37
8053,253
8055,45
8057,143
8058,18
8059,127
8062,184
8065,5
8066,56
8069,20
8073,131
8076,178
8077,647
8078,592
8079,4
8080,63
8081,64
8082,24
8083,84
8084,5
8092,9
8093,17
8094,11
8096,40
8098,57
8103,45
8104,29
8105,5
8106,20845
8107,11384
8109,1698
8110,12414
8111,23906
8112,1822
8113,2519
8114,26
8115,15
8120,14
8121,15
8123,67
8125,120
8126,114
8127,165
8128,1932
8129,23
8130,33
8131,86
8132,11
8133,85
8134,160
8135,4
8136,20
8138,176
8140,41
8141,38
8142,9594
8145,4
8147,25
8148,113
8149,99
8150,74
8151,39
8155,140
8156,9
8158,106
8159,89
8160,47
8162,18
8163,32
8164,21
8165,95
8166,43
8168,150
8171,812
8172,829
8173,26
8174,6
8175,14997
8176,250
8178,348
8179,152
8181,47
8182,47
8183,25
8186,128
8188,39
8190,47
8191,241
8192,18
8193,121
8195,120
8196,19
8200,322
8202,272
8204,38
8205,53
8206,47
8208,228
8209,277
8211,39
8212,122
8217,32
8218,36
8219,53
8224,25
8228,230
8229,67
8231,102
8232,118
8233,58
8235,83
8236,62
8237,11
8238,218
8239,48
8240,188
8243,19
8244,31
8245,38
8246,459
8247,45
8249,23
8250,92
8252,110
8253,76
8254,56
8255,24
8257,22
8258,331
8260,32
8263,54
8266,14
8268,26
8269,40
8270,26
8271,22
8272,64
8273,26
8274,40
8275,28
8276,36
8277,145
8278,111
8281,4
8283,15
8287,69
8288,26
8289,32
8290,17
8292,20
8293,27
8295,200
8296,31
8297,6
8298,10
8300,23
8302,25
8303,8
8305,5311
8306,166
8307,149
8308,1117
8309,89
8312,42
8313,85
8314,170
8315,19
8316,78
8319,53
8320,29
8321,114
8322,105
8323,106
8324,2
8325,40
8326,126
8328,103
8336,364
8337,102
8340,7
8342,47
8344,53
8345,190
8347,37
8348,75
8350,81
8351,98
8354,70
8355,40
8358,41
8359,51
8360,2093
8361,2637
8362,910
8363,1484
8364,0
8365,0
